{"cameraMode":{"drawMode":0,"name":"Shaded","section":"Shading Mode"},"sceneLighting":false,"audioPlay":false,"sceneViewState":{"m_AlwaysRefresh":false,"showFog":true,"showSkybox":true,"showFlares":true,"showImageEffects":true,"showParticleSystems":true,"showVisualEffectGraphs":true,"m_FxEnabled":true},"in2DMode":false,"pivot":{"x":-2.154625177383423,"y":-1.1222894191741944,"z":-10.844409942626954},"rotation":{"x":0.14256244897842408,"y":-0.7650291323661804,"z":0.18139678239822389,"w":0.6012638807296753},"size":1.7324237823486329,"orthographic":false}