{"cameraMode":{"drawMode":0,"name":"Shaded","section":"Shading Mode"},"sceneLighting":false,"audioPlay":false,"sceneViewState":{"m_AlwaysRefresh":false,"showFog":true,"showSkybox":false,"showFlares":true,"showImageEffects":true,"showParticleSystems":true,"showVisualEffectGraphs":true,"m_FxEnabled":true},"in2DMode":false,"pivot":{"x":-1.5154387950897217,"y":0.04148690029978752,"z":0.41371631622314455},"rotation":{"x":-0.04345758259296417,"y":-0.1408844292163849,"z":-0.007504087872803211,"w":0.9891211986541748},"size":2.3412740230560304,"orthographic":true}